web-scraper-order,web-scraper-start-url,rooms_area_price_raw,address_raw,price_raw,description_raw,text_raw
"1662029560-13","https://www.immoscout24.ch/de/immobilien/mieten/ort-adliswil?pn=1","2,5 Zimmer, 71 m², CHF 1500.—","Waldistrasse 10, 8134 Adliswil, ZH","CHF 1500.—","«2.5-Zimmerwohnung in Adliswil als Zwischennutzung zu vermieten»","2,5 Zimmer, 71 m², CHF 1500.—Waldistrasse 10, 8134 Adliswil, ZH«2.5-Zimmerwohnung in Adliswil als Zwischennutzung zu vermieten»Wir vermieten per 1. Oktober eine grosszügige und helle 2 1/2- Zimmerwohnung mit grossem und sonnigem Balkon als Zwischennutzung. Die Liegenschaft wird saniert. Aussen-Sanierung beginnt bereits per August 2022. Die Küchen und Badezimmer werden ab Januar 2023 saniert. Das Mietobjekt ist wie folgt ausgestattet:- Wohnzimmer und Schlafzimmer mit Parkettboden- Grosse Küche mit Kochherd, Kühlschrank, Backofen und Geschirrspüler sowie viel Stauraum- Badezimmer mit Doppellavabo und Badewanne- Einbauschrank im Korridor und Schlafzimmer- Kellerabteil für"
"1662029560-5","https://www.immoscout24.ch/de/immobilien/mieten/ort-adliswil?pn=1","4 Zimmer, 90 m², CHF 2030.—","Soodstrasse 13, 8134 Adliswil, ZH","CHF 2030.—","«Wohnen in Mitten von Adliswil»","4 Zimmer, 90 m², CHF 2030.—Soodstrasse 13, 8134 Adliswil, ZH«Wohnen in Mitten von Adliswil»Die charmante Wohnung verfügt über einen Laminatboden in den vier Zimmern und Korridor. Die Wände sind frisch gestrichen.Die Küche und das Bad sind mit Platten verlegt. Zudem wurden die Küche sowie das Bad im Jahr 2017 renoviert.Der Besichtigungstermin findet am Mittwoch, 31. August 2022 von 16.30 - 17.00 statt. Bitte klingeln Sie bei Derrer."
"1662029560-23","https://www.immoscout24.ch/de/immobilien/mieten/ort-adliswil?pn=1","1 Zimmer, 22 m², CHF 770.—","Sihlmatten 6, 8134 Adliswil, ZH","CHF 770.—","«1 WG Zimmer 22'2m im grünen Adliswil mit Balkon per sofort»","1 Zimmer, 22 m², CHF 770.—Sihlmatten 6, 8134 Adliswil, ZH«1 WG Zimmer 22'2m im grünen Adliswil mit Balkon per sofort»"
"1662029560-12","https://www.immoscout24.ch/de/immobilien/mieten/ort-adliswil?pn=1","2,5 Zimmer, 70 m², CHF 1740.—","8134 Adliswil, ZH","CHF 1740.—","«MÖBLIERT, TEMPORÄR: 2½ ZI-WOHNUNG IN ADLISWIL (ZH)»","2,5 Zimmer, 70 m², CHF 1740.—8134 Adliswil, ZH«MÖBLIERT, TEMPORÄR: 2½ ZI-WOHNUNG IN ADLISWIL (ZH)»MIETDAUER ab 1. November 2022 bis 16. April 2023 (mind. 3 Monate, nach Absprache) Grosse Wohnung an zentraler Lage mit kompletter Ausstattung. 70m², 1 Schlafzimmer, in gutem Zustand, Wohnzimmer mit Parkett/Laminat, Schlafzimmer mit Parkett/Laminat, alle Wohnräume mit Linoleum. Maximal 2 Personen, Rauchen in der Wohnung nicht erlaubt. Direktlink: ums.ch/angebots-detail/57798/. Alle Angebote: ums.ch/moeblierte-wohnungen/. Ergänzende Bemerkungen zur Miete. Inkl. Heizung, Strom, Wasser, Internet, TV (inkl. Anschluss und Abo) Möblierung. Bügelbrett,"
"1662029560-3","https://www.immoscout24.ch/de/immobilien/mieten/ort-adliswil?pn=1","3,5 Zimmer, 70 m², CHF 1950.—","Breitenstrasse 12, 8134 Adliswil, ZH","CHF 1950.—","«Ruhiges Wohnquartier am Waldrand»","3,5 Zimmer, 70 m², CHF 1950.—Breitenstrasse 12, 8134 Adliswil, ZH«Ruhiges Wohnquartier am Waldrand»*Bei den publizierten Bildern handelt es sich um eine typenähnliche Wohnung. Abweichungen zum Angebot sind daher möglich.*Per 01. Oktober 2022 vermieten wir diese schöne 3.5 Zimmer-Wohnung nahe am Waldrand mit folgendem Ausbaustandard: Wohnbereich sowie Schlafzimmer sind mit Parkettboden ausgestattet. Küche sowie Nasszellen sind mit einem Plattenboden ausgestattet Einbauschränke im Eingangsbereich moderne Küche mit Geschirrspüler und Glaskeramikherd  Kellerabteil vorhanden Lift vorhanden Zusätzlich können mehrere Tiefgaragenparkplätze für CHF 1Neu"
"1662029560-2","https://www.immoscout24.ch/de/immobilien/mieten/ort-adliswil?pn=1","3,5 Zimmer, 95 m², CHF 3000.—","Rainstrasse 10, 8134 Adliswil, ZH","CHF 3000.—","«Luxuriöse Wohnung in Adliswil»","top3,5 Zimmer, 95 m², CHF 3000.—Rainstrasse 10, 8134 Adliswil, ZH«Luxuriöse Wohnung in Adliswil»Wir vermieten eine 3,5 Zimmer Whonung in Adliswil. Die Wohnung befindet sich im neuzustand. Sie befindet sich gleich bei der einfaht in Adliswil(mit dem Auto). Es befinden sich viele freizeit möglichkeiten in der nähe und ist einfach mit dem Zug oder Auto zu erreichen.Anbieter kontaktierenKontaktieren"
"1662029560-7","https://www.immoscout24.ch/de/immobilien/mieten/ort-adliswil?pn=1","4,5 Zimmer, 108 m², CHF 3160.—","Salamanderweg 3, 8134 Adliswil, ZH","CHF 3160.—","«HÖFE - Ihre neue Familienoase!»","4,5 Zimmer, 108 m², CHF 3160.—Salamanderweg 3, 8134 Adliswil, ZH«HÖFE - Ihre neue Familienoase!»Die 4½-Zimmer-Wohnungen im neuen Quartier HÖFE sind das perfekte Zuhause für Familien oder Paare, die Ruhe schätzen und dennoch die Nähe zum pulsierenden Leben suchen. Die exklusive Wohnqualität und die modernen Grundrisse, sind nur einige der zahlreichen Eigenschaften, die Ihnen der Schwalbenhof bietet. Die Highlights der 4.5 Zimmer-Wohnungen. Loggien mit Sicht auf den Innenhof oder Quartierhain, teilweise sogar zwei Loggien. Grosszügige, edle Küche mit hochwertigen Geräten der Marke Miele. Grosser offener Wohn-/Essbereich. Geräume Bäder mit 1"
"1662029560-4","https://www.immoscout24.ch/de/immobilien/mieten/ort-adliswil?pn=1","1 Zimmer, 32 m², CHF 1120.—","Rütistr. 28, 8134 Adliswil, ZH","CHF 1120.—","«Frisch sanierte Wohnung an ruhiger Lage!»","1 Zimmer, 32 m², CHF 1120.—Rütistr. 28, 8134 Adliswil, ZH«Frisch sanierte Wohnung an ruhiger Lage!»Wir vermieten diese frisch sanierte Wohnung an ruhiger und grüner Wohnlage. Die Liegenschaft wurde im Dezmeber 2019 komplett renoviert.Die Wohnung besticht durch:Wohnzimmer mit ParkettKorridor mit Parkettmodernes Bad mit Duscheabgeschlossene KücheEinbauschränkesonniger BalkonKellerabteilGaragenplatz kann dazu gemietet werdenEine Besichtigung lohnt sich! Wir freuen uns auf Ihre Kontaktaufnahme!**Bei den publizierten Bilder handelt es sich um eine typenähnliche Wohnung. Abweichungen zum effektiven Angebot sind deshalb möglich.**Anbieter kontaktierenKontaktieren"
"1662029560-11","https://www.immoscout24.ch/de/immobilien/mieten/ort-adliswil?pn=1","1,5 Zimmer, 61 m², CHF 1960.—","Im Sihlhof 2, 8134 Adliswil, ZH","CHF 1960.—","«Wohnen im Sihlhof 2 - Singles aufgepasst!»","1,5 Zimmer, 61 m², CHF 1960.—Im Sihlhof 2, 8134 Adliswil, ZH«Wohnen im Sihlhof 2 - Singles aufgepasst!»Wir vermieten nach Vereinbarung diese moderne, möblierte 1.5 Zimmer-Wohnung in Adliswil.Hier einige Highlights der modernen Wohnung:- Movement-Möbelelemente- Offene Küche und Wohnbereich mit Electrolux Geräten- Bad mit Plattenboden, Dusche, WC und Lavabo- Parkett in den Wohn-/ Schlafräumen und in der Küche- Eigener Waschturm- Einstellplätze können dazugemietet werden (CHF 160.-/Monat)**Bilder sind nicht objektspezifisch, der Ausbaustandard ist jedoch gleich.**Haben wir Ihre Neugier geweckt? Wir freuen uns auf Ihre Anfrage!Anbieter kontaktierenKontaktieren"
"1662029560-10","https://www.immoscout24.ch/de/immobilien/mieten/ort-adliswil?pn=1","4,5 Zimmer, 105 m², CHF 2850.—","Kronenstrasse 3, 8134 Adliswil, ZH","CHF 2850.—","«Familienwohnung im Zentrum von Adliswil»","4,5 Zimmer, 105 m², CHF 2850.—Kronenstrasse 3, 8134 Adliswil, ZH«Familienwohnung im Zentrum von Adliswil»Wir vermieten per 01.10.2022 oder nach Vereinbarung eine attraktive Wohnung im Zentrum von Adliswil. Folgende Highlights überzeugen:- Offene Küche mit modernen Elektro-Geräte- Wohn- und Schlafbereich mit Parkettböden- Bad/WC mit Badewanne und Fenster- Separate Dusche/WC mit Fenster- Eigener Waschturm (Waschmaschine + Trockner)- Separtates Reduit- Sonniger Balkon- Einstellplätze können für monatlich CHF 160.00 dazugemietet werden**Bilder sind nicht objektspezifisch, der Ausbaustandard ist jedoch gleich.**Einkaufsmöglichkeiten, Ärzte und RestauraAnbieter kontaktierenKontaktieren"
"1662029560-1","https://www.immoscout24.ch/de/immobilien/mieten/ort-adliswil?pn=1","3,5 Zimmer, 87 m², CHF 2075.—","Oberhusstrasse 24, 8134 Adliswil, ZH","CHF 2075.—","«Attraktive Wohnung an gepflegter Wohnlage»","top3,5 Zimmer, 87 m², CHF 2075.—Oberhusstrasse 24, 8134 Adliswil, ZH«Attraktive Wohnung an gepflegter Wohnlage»In grüner Umgebung vermieten wir per 1. Oktober2022 oder nach Vereinbarung diese grosszügige 3.5-Zimmerwohnung, welche Ihnen die folgenden Annehmlichkeiten bietet.- Wohnbereich mit Parkettboden- offene, moderne Küche mit Plattenboden- mit Glaskeramikherd- mit Geschirrspüler- Badezimmer/WC mit Plattenboden- separates WC- Einbauschrank- Réduit- Balkon -KellerabteilEs handelt sich um Musterbilder, welche lediglich zur Veranschaulichung dienen und leicht vom angebotenen Objekt abweichen können. Die genaue Raumaufteilung entnehmen Sie bitte dem GrunAnbieter kontaktierenKontaktieren"
"1662029560-21","https://www.immoscout24.ch/de/immobilien/mieten/ort-adliswil?pn=1","4 Zimmer, 86 m², CHF 1896.—","Isengrundstrasse 12, 8134 Adliswil, ZH","CHF 1896.—","«Befristet bis 30.06.2023 wohnen an zentraler und doch ruhiger Lage!»","4 Zimmer, 86 m², CHF 1896.—Isengrundstrasse 12, 8134 Adliswil, ZH«Befristet bis 30.06.2023 wohnen an zentraler und doch ruhiger Lage!»Wir vermieten diese charmante 4.0-Zimmerwohnung an ruhiger und begrünter Wohnlage. Dieses tolle Wohnobjekt bietet Ihnen nebst einer idealen Raumaufteilung die folgenden Annehmlichkeiten: - freundlicher Eingangsbereich mit Einbauschrank- drei helle Schlafzimmer mit Parkettboden- geräumiges Wohn-/Esszimmer mit Parkettboden- abschliessbare Küche mit Plattenbodenbelag- mit Elektroherd- Badezimmer/WC mit Lavabounterbau- Zwei Balkone- Kellerabteil- kein LiftBitte beachten Sie, dass die Wohnung befristet vermietet wird bis zum 30.06.2023. Für den Zeit"
"1662029560-15","https://www.immoscout24.ch/de/immobilien/mieten/ort-adliswil?pn=1","4,5 Zimmer, 88 m², CHF 2416.—","Feldblumenstr. 84, 8134 Adliswil, ZH","CHF 2416.—","«Helle Wohnung in Adliswil»","4,5 Zimmer, 88 m², CHF 2416.—Feldblumenstr. 84, 8134 Adliswil, ZH«Helle Wohnung in Adliswil»Die Liegenschaft befindet sich an ruhiger Lage, nur 5 Gehminuten von den umliegenden Wäldern. Die öffentlichen Verkehrsmittel, wie die Buslinie 151 bei der Haltestelle Adliswil, Zopf, sind gut zu erreichen. Ihre Einkäufe können Sie in den naheliegenden Geschäften erledigen. Die Wohnung bietet Ihnen folgenden Komfort:Moderne Küche mit GeschirrspülerModernes Badezimmer mit WCGrosses Wohn-/EsszimmerKorridor & SchlafzimmerKellerabteil vorhandenBalkonHaben wir Ihr Interesse geweckt? Dann freuen wir uns über Ihre Kontaktaufnahme."
"1662029560-22","https://www.immoscout24.ch/de/immobilien/mieten/ort-adliswil?pn=1","2,5 Zimmer, 69 m², CHF 2170.—","Moosstrasse 23, 8134 Adliswil, ZH","CHF 2170.—","«2.5-Zimmer-Wohnung - Nur noch eine verfügbar!»","2,5 Zimmer, 69 m², CHF 2170.—Moosstrasse 23, 8134 Adliswil, ZH«2.5-Zimmer-Wohnung - Nur noch eine verfügbar!»Urbane Wohnung für Singles und PaareIm Amselhof vermieten wir eine 2.5-Zimmer-Wohnung mit spannendem Grundriss. Die urbane Wohnung überzeugt unter anderem mit einem hochwertigen Ausbaustandard und dem grosszügigen Wohn-/Essbereich.Die 2.5-Zimmer-Wohnung im Überblick:. Ausbaulinie URBAN mit Anhydritboden und Sichtbetondecke, Badezimmer mit keramischen Boden- und Wandbelägen. Loggia mit Ausrichtung in den wunderschönen Innenhof . Offene Küche mit hochwertigen Geräten. 1 Badezimmer mit bodenebener Dusche. Badezimmer auch vom Schlafzimmer aus zugän"
"1662029560-18","https://www.immoscout24.ch/de/immobilien/mieten/ort-adliswil?pn=1","2,5 Zimmer, 89 m², CHF 2620.—","Moosstrasse 25, 8134 Adliswil, ZH","CHF 2620.—","«HÖFE - Stadtnahes wohnen im Grünen»","2,5 Zimmer, 89 m², CHF 2620.—Moosstrasse 25, 8134 Adliswil, ZH«HÖFE - Stadtnahes wohnen im Grünen»Im neuen Quartier HÖFE in Adliswil entstehen im Hummelhof wunderschöne 2.5-Zimmer-Wohnungen. Die grosszügigen Wohnungen können nicht nur mit ihrem hochwertigen Innenausbau und der optimalen Raumaufteilung überzeugen. Folgende Highlights erwarten Sie in den urbanen Wohnungen:. Ausbaulinie URBAN mit Anhydritboden und Sichtbetondecke, Badezimmer mit keramischen Boden- und Wandbelägen. Loggia mit Ausrichtung in den wunderschönen Innenhof . Offene Küche mit hochwertigen Geräten. 1 Badezimmer mit bodenebener Dusche. Badezimmer auch vom Schlafzimmer a"
"1662029560-9","https://www.immoscout24.ch/de/immobilien/mieten/ort-adliswil?pn=1","3,5 Zimmer, 71 m², CHF 1790.—","Zelgstrasse 48, 8134 Adliswil, ZH","CHF 1790.—","«Gemütlich 3.5-Zimmer-Wohnung in Adliswil»","3,5 Zimmer, 71 m², CHF 1790.—Zelgstrasse 48, 8134 Adliswil, ZH«Gemütlich 3.5-Zimmer-Wohnung in Adliswil»Wir vermieten per 16. Oktober 2022 oder nach Vereinbarung eine gemütliche 3.5 Zimmer-Wohnung an der Zelgstrasse 48 in 8134 Adliswil.Die Zimmer sind alle mit einem Parkettboden verlegt. Die Böden im Entrée, der Küche sowie den Nasszellen sind mit einem pflegeleichten Plattenboden versehen. Das Objekt verfügt zudem über einen praktischen Grundriss.Die Küche bietet ein Glaskeramikkochfeld, ein Geschirrspüler sowie einen grossen Kühlschrank mit separaten Gefrierfächern. Die Einrichtung bietet ausreichend Stauraum. Dazu verfügt die Küche über einen"
"1662029560-16","https://www.immoscout24.ch/de/immobilien/mieten/ort-adliswil?pn=1","2,5 Zimmer, 69 m², CHF 1740.—","Feldblumenstrasse 94, 8134 Adliswil, ZH","CHF 1740.—","«2.5-Zimmerwohnung in Adliswil»","2,5 Zimmer, 69 m², CHF 1740.—Feldblumenstrasse 94, 8134 Adliswil, ZH«2.5-Zimmerwohnung in Adliswil»Wir vermieten per 01.10.2022 diese schöne 2.5-Zimmerwohnung in Adliswil. Die Wohnung bieten Ihnen folgendes:- Plattenboden im Bad/Korridor und in der Küche- Parkettboden im Wohn- und Schlafzimmer- Küche mit Geschirrspüler- modernes Badezimmer - grosszügiger Balkon - dazugehöriges KellerabteilWir freuen uns auf Ihre Kontaktanfrage."
"1662029560-20","https://www.immoscout24.ch/de/immobilien/mieten/ort-adliswil?pn=1","4,5 Zimmer, CHF 3020.—","Salamanderweg 2, 8134 Adliswil, ZH","CHF 3020.—","«Nur noch wenige freie 4.5-Zimmer-Wohnungen»","4,5 Zimmer, CHF 3020.—Salamanderweg 2, 8134 Adliswil, ZH«Nur noch wenige freie 4.5-Zimmer-Wohnungen»Im pulsierendem Quartier HÖFE in Adliswil vermieten wir im Amselhof moderne 4.5-Zimmer-Wohnungen, wovon nur noch wenige frei sind. Die Wohnungen mit spannenden Ausbaulinien sind nicht nur ideal für Familien sondern auch für Paare.Die Vorteile der 4.5-Zimmer-Wohnungen. Ein oder zwei Loggien pro Wohnung. Helle Räume dank zweiseitiger Ausrichtung. Grosszügige Küche mit hochwertigen Geräten. Grosser offener Wohn-/Essbereich. Zwei Badezimmer mit Badewanne und bodenebener Dusche . Drei spannende Ausbaulinien: URBAN (Anhydritboden und Sichtbetondecke)"
"1662029560-8","https://www.immoscout24.ch/de/immobilien/mieten/ort-adliswil?pn=1","3,5 Zimmer, 80 m², CHF 2420.—","Parkweg 10, 8134 Adliswil, ZH","CHF 2420.—","«HÖFE - Die Frische eines Erstbezugs geniessen»","3,5 Zimmer, 80 m², CHF 2420.—Parkweg 10, 8134 Adliswil, ZH«HÖFE - Die Frische eines Erstbezugs geniessen»Aussergewöhnlich leben, einzigartig wohnen: Im urbanen Quartier HÖFE verbindet sich beides auf höchstem Niveau. Eine phantastische City-ähnliche Lage sowie eine ausgezeichnete Infrastruktur - das ist Lebensqualität. Die grosszügigen 3.5-Zimmer-Wohnungen sind geprägt von hochwertiger Architektur und schlichter Eleganz. Folgende Highlights erwarten Sie in den Wohnungen:. Die Materialisierung ist schick, modern und in warmen Farbtönen gehalten. Grosszügige Balkone. Offene Küchen mit modernen Geräten der Marke Miele. Geräumige Bäder mit jeweils ein"
"1662029560-17","https://www.immoscout24.ch/de/immobilien/mieten/ort-adliswil?pn=1","2,5 Zimmer, 75 m², CHF 2300.—","Albisstr. 12, 8134 Adliswil, ZH","CHF 2300.—","«Wohnen über Einkaufszentrum und bei S-Bahn-Anschluss!»","2,5 Zimmer, 75 m², CHF 2300.—Albisstr. 12, 8134 Adliswil, ZH«Wohnen über Einkaufszentrum und bei S-Bahn-Anschluss!»"
"1662029560-6","https://www.immoscout24.ch/de/immobilien/mieten/ort-adliswil?pn=1","2,5 Zimmer, 45 m², CHF 1565.—","Parkweg 8, 8134 Adliswil, ZH","CHF 1565.—","«HÖFE - Erfüllen Sie sich Ihrem Wohntraum»","2,5 Zimmer, 45 m², CHF 1565.—Parkweg 8, 8134 Adliswil, ZH«HÖFE - Erfüllen Sie sich Ihrem Wohntraum»Kommen Sie in den Genuss der exklusiven 2.5-Zimmer-Wohnungen im urbanen Quartier HÖFE in Adliswil. Mit einer einzigartigen Wohnqualität, modernen Grundrissen und einem aussergewöhnlichen Innenausbau finden Sie im Schwalbenhof Ihre Traumwohnung. Es erwarten Sie folgende Vorteile. Neubau/Erstbezug. Restaurants, Bars und viele weitere Angebote im Quartier. Parkplätze in der Tiefgarage vorhanden / Möglichkeit für Elektroparkplätze. Attraktive Architektur . Optimale Anbindung an den öffentlichen Verkehr . Freizeitaktivitäten finden Sie in der nähere"
"1662029560-14","https://www.immoscout24.ch/de/immobilien/mieten/ort-adliswil?pn=1","3,5 Zimmer, 101 m², CHF 2880.—","Zürichstrasse 73c, 8134 Adliswil, ZH","CHF 2880.—","«grün und stadtnah - wohnen mit hoher Qualitität»","3,5 Zimmer, 101 m², CHF 2880.—Zürichstrasse 73c, 8134 Adliswil, ZH«grün und stadtnah - wohnen mit hoher Qualitität»Hier geniessen Sie erstklassiges Wohnen mit all seinen Vorteilen. Wir vermieten per 01. Oktober 2022 eine 3.5 Zimmerwohnung im 4. Obergeschoss. Die Wohnung bietet alles, was Sie sonst nur kaufen können: - Parkett in allen Zimmern- Küche mit modernster und hochwertiger Einrichtung- geschützte und gedeckte Balkone- grosszügige Badezimmer- Waschmaschine und Tumbler in der Wohnung vorhandenDie umliegenden Naherholungsgebiete Albis, Uetliberg, Zimmerberg und der Tierpark Langenberg sowie die Flusslandschaft der Sihl bieten nebst Wander- und Spazierw"
"1662029560-19","https://www.immoscout24.ch/de/immobilien/mieten/ort-adliswil?pn=1","3,5 Zimmer, CHF 2710.—","Salamanderweg 2, 8134 Adliswil, ZH","CHF 2710.—","«Moderne Wohnungen mit spannenden Ausbaulinien»","3,5 Zimmer, CHF 2710.—Salamanderweg 2, 8134 Adliswil, ZH«Moderne Wohnungen mit spannenden Ausbaulinien»Sind Sie auf der Suche nach einer Wohnung, in dem sich das Leben in einer tollen Community und auf vielfältige Weise geniessen lässt? Dann sind Sie im urbanen Quartier HÖFE Adliswil genau richtig. Weitere Highlights sind die Autofreie Zonen, die schön gestalteten Innenhöfe und der wunderbare Quartierhain. All das schafft einen traumhaften Erholungsorte direkt vor der eigenen Haustüre, das ist Lebensqualität. Ihre Vorteile im HÖFE Quartier:. Urbanes Quartier mit Fitnesscenter, Supermarkt, Bars, Restaurants und vielen weiteren Angeboten. Wundersc"
